name,species,fasta,gtf,taxon,annotations,genelab_annots_link,genelab_annots_info_link
ARABIDOPSIS,Arabidopsis thaliana,http://ftp.ensemblgenomes.org/pub/plants/release-48/fasta/arabidopsis_thaliana/dna/Arabidopsis_thaliana.TAIR10.dna.toplevel.fa.gz,http://ftp.ensemblgenomes.org/pub/plants/release-48/gtf/arabidopsis_thaliana/Arabidopsis_thaliana.TAIR10.48.gtf.gz,3702,org.At.tair.db,https://figshare.com/ndownloader/files/35939648,https://figshare.com/ndownloader/files/35939654
BACSU,Bacillus subtilis (strain 168),http://ftp.ensemblgenomes.org/pub/bacteria/release-48/fasta/bacteria_0_collection/bacillus_subtilis_subsp_subtilis_str_168/dna/Bacillus_subtilis_subsp_subtilis_str_168.ASM904v1.dna.toplevel.fa.gz,http://ftp.ensemblgenomes.org/pub/bacteria/release-48/gtf/bacteria_0_collection/bacillus_subtilis_subsp_subtilis_str_168/Bacillus_subtilis_subsp_subtilis_str_168.ASM904v1.48.gtf.gz,224308,org.MeSH.Bsu.168.db,,
BRARP,Brassica rapa,http://ftp.ensemblgenomes.org/pub/plants/release-48/fasta/brassica_rapa/dna/Brassica_rapa.Brapa_1.0.dna.toplevel.fa.gz,http://ftp.ensemblgenomes.org/pub/plants/release-48/gtf/brassica_rapa/Brassica_rapa.Brapa_1.0.48.gtf.gz,,,,
WORM,Caenorhabditis elegans,http://ftp.ensembl.org/pub/release-101/fasta/caenorhabditis_elegans/dna/Caenorhabditis_elegans.WBcel235.dna.toplevel.fa.gz,http://ftp.ensembl.org/pub/release-101/gtf/caenorhabditis_elegans/Caenorhabditis_elegans.WBcel235.101.gtf.gz,6239,org.Ce.eg.db,,
ZEBRAFISH,Danio rerio,http://ftp.ensembl.org/pub/release-101/fasta/danio_rerio/dna/Danio_rerio.GRCz11.dna.primary_assembly.fa.gz,http://ftp.ensembl.org/pub/release-101/gtf/danio_rerio/Danio_rerio.GRCz11.101.gtf.gz,7955,org.Dr.eg.db,,
FLY,Drosophila melanogaster,http://ftp.ensembl.org/pub/release-101/fasta/drosophila_melanogaster/dna/Drosophila_melanogaster.BDGP6.22.dna.toplevel.fa.gz,http://ftp.ensembl.org/pub/release-101/gtf/drosophila_melanogaster/Drosophila_melanogaster.BDGP6.22.101.gtf.gz,7227,org.Dm.eg.db,https://figshare.com/ndownloader/files/35939663,https://figshare.com/ndownloader/files/35939660
,ERCC,https://assets.thermofisher.com/TFS-Assets/LSG/manuals/ERCC92.zip (Note itÕs theÊERCC92.fa file in the zipped directory),https://assets.thermofisher.com/TFS-Assets/LSG/manuals/ERCC92.zip (Note itÕs theÊERCC92.gtf file in the zipped directory),,,,
ECOLI,Escherichia coli (strain K12),http://ftp.ensemblgenomes.org/pub/bacteria/release-48/fasta/bacteria_159_collection/escherichia_coli_gca_001284565/dna/Escherichia_coli_gca_001284565.7790_1_86.dna.toplevel.fa.gz,http://ftp.ensemblgenomes.org/pub/bacteria/release-48/gtf/bacteria_159_collection/escherichia_coli_gca_001284565/Escherichia_coli_gca_001284565.7790_1_86.48.gtf.gz,83333,org.EcK12.eg.db,,
HUMAN,Homo sapiens,http://ftp.ensembl.org/pub/release-101/fasta/homo_sapiens/dna/Homo_sapiens.GRCh38.dna.primary_assembly.fa.gz,http://ftp.ensembl.org/pub/release-101/gtf/homo_sapiens/Homo_sapiens.GRCh38.101.gtf.gz,9606,org.Hs.eg.db,https://figshare.com/ndownloader/files/35939645,https://figshare.com/ndownloader/files/35939651
MOUSE,Mus musculus,http://ftp.ensembl.org/pub/release-101/fasta/mus_musculus/dna/Mus_musculus.GRCm38.dna.primary_assembly.fa.gz,http://ftp.ensembl.org/pub/release-101/gtf/mus_musculus/Mus_musculus.GRCm38.101.gtf.gz,10090,org.Mm.eg.db,https://figshare.com/ndownloader/files/35939642,https://figshare.com/ndownloader/files/35939657
,Mycobacterium marinum,http://ftp.ensemblgenomes.org/pub/bacteria/release-48/fasta/bacteria_8_collection/mycobacterium_marinum_m/dna/Mycobacterium_marinum_m.ASM1834v1.dna.toplevel.fa.gz,http://ftp.ensemblgenomes.org/pub/bacteria/release-48/gtf/bacteria_8_collection/mycobacterium_marinum_m/Mycobacterium_marinum_m.ASM1834v1.48.gtf.gz,,,,
ORYLA,Oryzias latipes,http://ftp.ensembl.org/pub/release-101/fasta/oryzias_latipes/dna/Oryzias_latipes.ASM223467v1.dna.toplevel.fa.gz,http://ftp.ensembl.org/pub/release-101/gtf/oryzias_latipes/Oryzias_latipes.ASM223467v1.101.gtf.gz,,,,
RAT,Rattus norvegicus,http://ftp.ensembl.org/pub/release-101/fasta/rattus_norvegicus/dna/Rattus_norvegicus.Rnor_6.0.dna.toplevel.fa.gz,http://ftp.ensembl.org/pub/release-101/gtf/rattus_norvegicus/Rattus_norvegicus.Rnor_6.0.101.gtf.gz,10116,org.Rn.eg.db,https://figshare.com/ndownloader/files/36243864,https://figshare.com/ndownloader/files/36243861
YEAST,Saccharomyces cerevisiae (strain ATCC 204508 / S288c),http://ftp.ensembl.org/pub/release-101/fasta/saccharomyces_cerevisiae/dna/Saccharomyces_cerevisiae.R64-1-1.dna.toplevel.fa.gz,http://ftp.ensembl.org/pub/release-101/gtf/saccharomyces_cerevisiae/Saccharomyces_cerevisiae.R64-1-1.101.gtf.gz,559292,org.Sc.sgd.db,,
STAA8,Staphylococcus aureus,http://ftp.ensemblgenomes.org/pub/bacteria/release-48/fasta/bacteria_88_collection/staphylococcus_aureus_subsp_aureus_gca_000788115/dna/Staphylococcus_aureus_subsp_aureus_gca_000788115.ASM78811v1.dna.toplevel.fa.gz,http://ftp.ensemblgenomes.org/pub/bacteria/release-48/gtf/bacteria_88_collection/staphylococcus_aureus_subsp_aureus_gca_000788115/Staphylococcus_aureus_subsp_aureus_gca_000788115.ASM78811v1.48.gtf.gz,,,,
,Streptococcus mutans,http://ftp.ensemblgenomes.org/pub/bacteria/release-48/fasta/bacteria_12_collection/streptococcus_mutans_ua159/dna/Streptococcus_mutans_ua159.ASM746v2.dna.toplevel.fa.gz,http://ftp.ensemblgenomes.org/pub/bacteria/release-48/gtf/bacteria_12_collection/streptococcus_mutans_ua159/Streptococcus_mutans_ua159.ASM746v2.48.gtf.gz,,,,
